Nome,Objeto,Objeto-id,Fundo,Dia,Dentro
chave-1bdi1.jpg,chave,chave-1,branco,1,1
chave-1bdi2.jpg,chave,chave-1,branco,1,1
chave-1bdi3.jpg,chave,chave-1,branco,1,1
chave-1pdi1.jpg,chave,chave-1,preto,1,1
chave-1pdi2.jpg,chave,chave-1,preto,1,1
chave-1pdi3.jpg,chave,chave-1,preto,1,1
chave-1mdi1.jpg,chave,chave-1,papelao,1,1
chave-1mdi2.jpg,chave,chave-1,papelao,1,1
chave-1mdi3.jpg,chave,chave-1,papelao,1,1
chave-1bni1.jpg,chave,chave-1,branco,0,1
chave-1bni2.jpg,chave,chave-1,branco,0,1
chave-1bni3.jpg,chave,chave-1,branco,0,1
chave-1pni1.jpg,chave,chave-1,preto,0,1
chave-1pni2.jpg,chave,chave-1,preto,0,1
chave-1pni3.jpg,chave,chave-1,preto,0,1
chave-1mni1.jpg,chave,chave-1,papelao,0,1
chave-1mni2.jpg,chave,chave-1,papelao,0,1
chave-1mni3.jpg,chave,chave-1,papelao,0,1
chave-1bdo1.jpg,chave,chave-1,branco,1,0
chave-1bdo2.jpg,chave,chave-1,branco,1,0
chave-1bdo3.jpg,chave,chave-1,branco,1,0
chave-1pdo1.jpg,chave,chave-1,preto,1,0
chave-1pdo2.jpg,chave,chave-1,preto,1,0
chave-1pdo3.jpg,chave,chave-1,preto,1,0
chave-1mdo1.jpg,chave,chave-1,papelao,1,0
chave-1mdo2.jpg,chave,chave-1,papelao,1,0
chave-1mdo3.jpg,chave,chave-1,papelao,1,0
chave-1bno1.jpg,chave,chave-1,branco,0,0
chave-1bno2.jpg,chave,chave-1,branco,0,0
chave-1bno3.jpg,chave,chave-1,branco,0,0
chave-1pno1.jpg,chave,chave-1,preto,0,0
chave-1pno2.jpg,chave,chave-1,preto,0,0
chave-1pno3.jpg,chave,chave-1,preto,0,0
chave-1mno1.jpg,chave,chave-1,papelao,0,0
chave-1mno2.jpg,chave,chave-1,papelao,0,0
chave-1mno3.jpg,chave,chave-1,papelao,0,0
chave-2bdi1.jpg,chave,chave-2,branco,1,1
chave-2bdi2.jpg,chave,chave-2,branco,1,1
chave-2bdi3.jpg,chave,chave-2,branco,1,1
chave-2pdi1.jpg,chave,chave-2,preto,1,1
chave-2pdi2.jpg,chave,chave-2,preto,1,1
chave-2pdi3.jpg,chave,chave-2,preto,1,1
chave-2mdi1.jpg,chave,chave-2,papelao,1,1
chave-2mdi2.jpg,chave,chave-2,papelao,1,1
chave-2mdi3.jpg,chave,chave-2,papelao,1,1
chave-2bni1.jpg,chave,chave-2,branco,0,1
chave-2bni2.jpg,chave,chave-2,branco,0,1
chave-2bni3.jpg,chave,chave-2,branco,0,1
chave-2pni1.jpg,chave,chave-2,preto,0,1
chave-2pni2.jpg,chave,chave-2,preto,0,1
chave-2pni3.jpg,chave,chave-2,preto,0,1
chave-2mni1.jpg,chave,chave-2,papelao,0,1
chave-2mni2.jpg,chave,chave-2,papelao,0,1
chave-2mni3.jpg,chave,chave-2,papelao,0,1
chave-2bdo1.jpg,chave,chave-2,branco,1,0
chave-2bdo2.jpg,chave,chave-2,branco,1,0
chave-2bdo3.jpg,chave,chave-2,branco,1,0
chave-2pdo1.jpg,chave,chave-2,preto,1,0
chave-2pdo2.jpg,chave,chave-2,preto,1,0
chave-2pdo3.jpg,chave,chave-2,preto,1,0
chave-2mdo1.jpg,chave,chave-2,papelao,1,0
chave-2mdo2.jpg,chave,chave-2,papelao,1,0
chave-2mdo3.jpg,chave,chave-2,papelao,1,0
chave-2bno1.jpg,chave,chave-2,branco,0,0
chave-2bno2.jpg,chave,chave-2,branco,0,0
chave-2bno3.jpg,chave,chave-2,branco,0,0
chave-2pno1.jpg,chave,chave-2,preto,0,0
chave-2pno2.jpg,chave,chave-2,preto,0,0
chave-2pno3.jpg,chave,chave-2,preto,0,0
chave-2mno1.jpg,chave,chave-2,papelao,0,0
chave-2mno2.jpg,chave,chave-2,papelao,0,0
chave-2mno3.jpg,chave,chave-2,papelao,0,0
chave-3bdi1.jpg,chave,chave-3,branco,1,1
chave-3bdi2.jpg,chave,chave-3,branco,1,1
chave-3bdi3.jpg,chave,chave-3,branco,1,1
chave-3pdi1.jpg,chave,chave-3,preto,1,1
chave-3pdi2.jpg,chave,chave-3,preto,1,1
chave-3pdi3.jpg,chave,chave-3,preto,1,1
chave-3mdi1.jpg,chave,chave-3,papelao,1,1
chave-3mdi2.jpg,chave,chave-3,papelao,1,1
chave-3mdi3.jpg,chave,chave-3,papelao,1,1
chave-3bni1.jpg,chave,chave-3,branco,0,1
chave-3bni2.jpg,chave,chave-3,branco,0,1
chave-3bni3.jpg,chave,chave-3,branco,0,1
chave-3pni1.jpg,chave,chave-3,preto,0,1
chave-3pni2.jpg,chave,chave-3,preto,0,1
chave-3pni3.jpg,chave,chave-3,preto,0,1
chave-3mni1.jpg,chave,chave-3,papelao,0,1
chave-3mni2.jpg,chave,chave-3,papelao,0,1
chave-3mni3.jpg,chave,chave-3,papelao,0,1
chave-3bdo1.jpg,chave,chave-3,branco,1,0
chave-3bdo2.jpg,chave,chave-3,branco,1,0
chave-3bdo3.jpg,chave,chave-3,branco,1,0
chave-3pdo1.jpg,chave,chave-3,preto,1,0
chave-3pdo2.jpg,chave,chave-3,preto,1,0
chave-3pdo3.jpg,chave,chave-3,preto,1,0
chave-3mdo1.jpg,chave,chave-3,papelao,1,0
chave-3mdo2.jpg,chave,chave-3,papelao,1,0
chave-3mdo3.jpg,chave,chave-3,papelao,1,0
chave-3bno1.jpg,chave,chave-3,branco,0,0
chave-3bno2.jpg,chave,chave-3,branco,0,0
chave-3bno3.jpg,chave,chave-3,branco,0,0
chave-3pno1.jpg,chave,chave-3,preto,0,0
chave-3pno2.jpg,chave,chave-3,preto,0,0
chave-3pno3.jpg,chave,chave-3,preto,0,0
chave-3mno1.jpg,chave,chave-3,papelao,0,0
chave-3mno2.jpg,chave,chave-3,papelao,0,0
chave-3mno3.jpg,chave,chave-3,papelao,0,0
garfo-1bdi1.jpg,garfo,garfo-1,branco,1,1
garfo-1bdi2.jpg,garfo,garfo-1,branco,1,1
garfo-1bdi3.jpg,garfo,garfo-1,branco,1,1
garfo-1pdi1.jpg,garfo,garfo-1,preto,1,1
garfo-1pdi2.jpg,garfo,garfo-1,preto,1,1
garfo-1pdi3.jpg,garfo,garfo-1,preto,1,1
garfo-1mdi1.jpg,garfo,garfo-1,papelao,1,1
garfo-1mdi2.jpg,garfo,garfo-1,papelao,1,1
garfo-1mdi3.jpg,garfo,garfo-1,papelao,1,1
garfo-1bni1.jpg,garfo,garfo-1,branco,0,1
garfo-1bni2.jpg,garfo,garfo-1,branco,0,1
garfo-1bni3.jpg,garfo,garfo-1,branco,0,1
garfo-1pni1.jpg,garfo,garfo-1,preto,0,1
garfo-1pni2.jpg,garfo,garfo-1,preto,0,1
garfo-1pni3.jpg,garfo,garfo-1,preto,0,1
garfo-1mni1.jpg,garfo,garfo-1,papelao,0,1
garfo-1mni2.jpg,garfo,garfo-1,papelao,0,1
garfo-1mni3.jpg,garfo,garfo-1,papelao,0,1
garfo-1bdo1.jpg,garfo,garfo-1,branco,1,0
garfo-1bdo2.jpg,garfo,garfo-1,branco,1,0
garfo-1bdo3.jpg,garfo,garfo-1,branco,1,0
garfo-1pdo1.jpg,garfo,garfo-1,preto,1,0
garfo-1pdo2.jpg,garfo,garfo-1,preto,1,0
garfo-1pdo3.jpg,garfo,garfo-1,preto,1,0
garfo-1mdo1.jpg,garfo,garfo-1,papelao,1,0
garfo-1mdo2.jpg,garfo,garfo-1,papelao,1,0
garfo-1mdo3.jpg,garfo,garfo-1,papelao,1,0
garfo-1bno1.jpg,garfo,garfo-1,branco,0,0
garfo-1bno2.jpg,garfo,garfo-1,branco,0,0
garfo-1bno3.jpg,garfo,garfo-1,branco,0,0
garfo-1pno1.jpg,garfo,garfo-1,preto,0,0
chave-1pno2.jpg,garfo,garfo-1,preto,0,0
garfo-1pno3.jpg,garfo,garfo-1,preto,0,0
garfo-1mno1.jpg,garfo,garfo-1,papelao,0,0
garfo-1mno2.jpg,garfo,garfo-1,papelao,0,0
garfo-1mno3.jpg,garfo,garfo-1,papelao,0,0
garfo-2bdi1.jpg,garfo,garfo-2,branco,1,1
garfo-2bdi2.jpg,garfo,garfo-2,branco,1,1
garfo-2bdi3.jpg,garfo,garfo-2,branco,1,1
garfo-2pdi1.jpg,garfo,garfo-2,preto,1,1
garfo-2pdi2.jpg,garfo,garfo-2,preto,1,1
garfo-2pdi3.jpg,garfo,garfo-2,preto,1,1
garfo-2mdi1.jpg,garfo,garfo-2,papelao,1,1
garfo-2mdi2.jpg,garfo,garfo-2,papelao,1,1
garfo-2mdi3.jpg,garfo,garfo-2,papelao,1,1
garfo-2bni1.jpg,garfo,garfo-2,branco,0,1
garfo-2bni2.jpg,garfo,garfo-2,branco,0,1
garfo-2bni3.jpg,garfo,garfo-2,branco,0,1
garfo-2pni1.jpg,garfo,garfo-2,preto,0,1
garfo-2pni2.jpg,garfo,garfo-2,preto,0,1
garfo-2pni3.jpg,garfo,garfo-2,preto,0,1
garfo-2mni1.jpg,garfo,garfo-2,papelao,0,1
garfo-2mni2.jpg,garfo,garfo-2,papelao,0,1
garfo-2mni3.jpg,garfo,garfo-2,papelao,0,1
garfo-2bdo1.jpg,garfo,garfo-2,branco,1,0
garfo-2bdo2.jpg,garfo,garfo-2,branco,1,0
garfo-2bdo3.jpg,garfo,garfo-2,branco,1,0
garfo-2pdo1.jpg,garfo,garfo-2,preto,1,0
garfo-2pdo2.jpg,garfo,garfo-2,preto,1,0
garfo-2pdo3.jpg,garfo,garfo-2,preto,1,0
garfo-2mdo1.jpg,garfo,garfo-2,papelao,1,0
garfo-2mdo2.jpg,garfo,garfo-2,papelao,1,0
garfo-2mdo3.jpg,garfo,garfo-2,papelao,1,0
garfo-2bno1.jpg,garfo,garfo-2,branco,0,0
garfo-2bno2.jpg,garfo,garfo-2,branco,0,0
garfo-2bno3.jpg,garfo,garfo-2,branco,0,0
garfo-2pno1.jpg,garfo,garfo-2,preto,0,0
garfo-2pno2.jpg,garfo,garfo-2,preto,0,0
garfo-2pno3.jpg,garfo,garfo-2,preto,0,0
garfo-2mno1.jpg,garfo,garfo-2,papelao,0,0
garfo-2mno2.jpg,garfo,garfo-2,papelao,0,0
garfo-2mno3.jpg,garfo,garfo-2,papelao,0,0
garfo-3bdi1.jpg,garfo,garfo-3,branco,1,1
garfo-3bdi2.jpg,garfo,garfo-3,branco,1,1
garfo-3bdi3.jpg,garfo,garfo-3,branco,1,1
garfo-3pdi1.jpg,garfo,garfo-3,preto,1,1
garfo-3pdi2.jpg,garfo,garfo-3,preto,1,1
garfo-3pdi3.jpg,garfo,garfo-3,preto,1,1
garfo-3mdi1.jpg,garfo,garfo-3,papelao,1,1
garfo-3mdi2.jpg,garfo,garfo-3,papelao,1,1
garfo-3mdi3.jpg,garfo,garfo-3,papelao,1,1
garfo-3bni1.jpg,garfo,garfo-3,branco,0,1
garfo-3bni2.jpg,garfo,garfo-3,branco,0,1
garfo-3bni3.jpg,garfo,garfo-3,branco,0,1
garfo-3pni1.jpg,garfo,garfo-3,preto,0,1
garfo-3pni2.jpg,garfo,garfo-3,preto,0,1
garfo-3pni3.jpg,garfo,garfo-3,preto,0,1
garfo-3mni1.jpg,garfo,garfo-3,papelao,0,1
garfo-3mni2.jpg,garfo,garfo-3,papelao,0,1
garfo-3mni3.jpg,garfo,garfo-3,papelao,0,1
garfo-3bdo1.jpg,garfo,garfo-3,branco,1,0
garfo-3bdo2.jpg,garfo,garfo-3,branco,1,0
garfo-3bdo3.jpg,garfo,garfo-3,branco,1,0
garfo-3pdo1.jpg,garfo,garfo-3,preto,1,0
garfo-3pdo2.jpg,garfo,garfo-3,preto,1,0
garfo-3pdo3.jpg,garfo,garfo-3,preto,1,0
garfo-3mdo1.jpg,garfo,garfo-3,papelao,1,0
garfo-3mdo2.jpg,garfo,garfo-3,papelao,1,0
garfo-3mdo3.jpg,garfo,garfo-3,papelao,1,0
garfo-3bno1.jpg,garfo,garfo-3,branco,0,0
garfo-3bno2.jpg,garfo,garfo-3,branco,0,0
garfo-3bno3.jpg,garfo,garfo-3,branco,0,0
garfo-3pno1.jpg,garfo,garfo-3,preto,0,0
garfo-3pno2.jpg,garfo,garfo-3,preto,0,0
garfo-3pno3.jpg,garfo,garfo-3,preto,0,0
garfo-3mno1.jpg,garfo,garfo-3,papelao,0,0
garfo-3mno2.jpg,garfo,garfo-3,papelao,0,0
garfo-3mno3.jpg,garfo,garfo-3,papelao,0,0
lapis-1bdi1.jpg,lapis,lapis-1,branco,1,1
lapis-1bdi2.jpg,lapis,lapis-1,branco,1,1
lapis-1bdi3.jpg,lapis,lapis-1,branco,1,1
lapis-1pdi1.jpg,lapis,lapis-1,preto,1,1
lapis-1pdi2.jpg,lapis,lapis-1,preto,1,1
lapis-1pdi3.jpg,lapis,lapis-1,preto,1,1
lapis-1mdi1.jpg,lapis,lapis-1,papelao,1,1
lapis-1mdi2.jpg,lapis,lapis-1,papelao,1,1
lapis-1mdi3.jpg,lapis,lapis-1,papelao,1,1
lapis-1bni1.jpg,lapis,lapis-1,branco,0,1
lapis-1bni2.jpg,lapis,lapis-1,branco,0,1
lapis-1bni3.jpg,lapis,lapis-1,branco,0,1
lapis-1pni1.jpg,lapis,lapis-1,preto,0,1
lapis-1pni2.jpg,lapis,lapis-1,preto,0,1
lapis-1pni3.jpg,lapis,lapis-1,preto,0,1
lapis-1mni1.jpg,lapis,lapis-1,papelao,0,1
lapis-1mni2.jpg,lapis,lapis-1,papelao,0,1
lapis-1mni3.jpg,lapis,lapis-1,papelao,0,1
lapis-1bdo1.jpg,lapis,lapis-1,branco,1,0
lapis-1bdo2.jpg,lapis,lapis-1,branco,1,0
lapis-1bdo3.jpg,lapis,lapis-1,branco,1,0
lapis-1pdo1.jpg,lapis,lapis-1,preto,1,0
lapis-1pdo2.jpg,lapis,lapis-1,preto,1,0
lapis-1pdo3.jpg,lapis,lapis-1,preto,1,0
lapis-1mdo1.jpg,lapis,lapis-1,papelao,1,0
lapis-1mdo2.jpg,lapis,lapis-1,papelao,1,0
lapis-1mdo3.jpg,lapis,lapis-1,papelao,1,0
lapis-1bno1.jpg,lapis,lapis-1,branco,0,0
lapis-1bno2.jpg,lapis,lapis-1,branco,0,0
lapis-1bno3.jpg,lapis,lapis-1,branco,0,0
lapis-1pno1.jpg,lapis,lapis-1,preto,0,0
lapis-1pno2.jpg,lapis,lapis-1,preto,0,0
lapis-1pno3.jpg,lapis,lapis-1,preto,0,0
lapis-1mno1.jpg,lapis,lapis-1,papelao,0,0
lapis-1mno2.jpg,lapis,lapis-1,papelao,0,0
lapis-1mno3.jpg,lapis,lapis-1,papelao,0,0
lapis-2bdi1.jpg,lapis,lapis-2,branco,1,1
lapis-2bdi2.jpg,lapis,lapis-2,branco,1,1
lapis-2bdi3.jpg,lapis,lapis-2,branco,1,1
lapis-2pdi1.jpg,lapis,lapis-2,preto,1,1
lapis-2pdi2.jpg,lapis,lapis-2,preto,1,1
lapis-2pdi3.jpg,lapis,lapis-2,preto,1,1
lapis-2mdi1.jpg,lapis,lapis-2,papelao,1,1
lapis-2mdi2.jpg,lapis,lapis-2,papelao,1,1
lapis-2mdi3.jpg,lapis,lapis-2,papelao,1,1
lapis-2bni1.jpg,lapis,lapis-2,branco,0,1
lapis-2bni2.jpg,lapis,lapis-2,branco,0,1
lapis-2bni3.jpg,lapis,lapis-2,branco,0,1
lapis-2pni1.jpg,lapis,lapis-2,preto,0,1
lapis-2pni2.jpg,lapis,lapis-2,preto,0,1
lapis-2pni3.jpg,lapis,lapis-2,preto,0,1
lapis-2mni1.jpg,lapis,lapis-2,papelao,0,1
lapis-2mni2.jpg,lapis,lapis-2,papelao,0,1
lapis-2mni3.jpg,lapis,lapis-2,papelao,0,1
lapis-2bdo1.jpg,lapis,lapis-2,branco,1,0
lapis-2bdo2.jpg,lapis,lapis-2,branco,1,0
lapis-2bdo3.jpg,lapis,lapis-2,branco,1,0
lapis-2pdo1.jpg,lapis,lapis-2,preto,1,0
lapis-2pdo2.jpg,lapis,lapis-2,preto,1,0
lapis-2pdo3.jpg,lapis,lapis-2,preto,1,0
lapis-2mdo1.jpg,lapis,lapis-2,papelao,1,0
lapis-2mdo2.jpg,lapis,lapis-2,papelao,1,0
lapis-2mdo3.jpg,lapis,lapis-2,papelao,1,0
lapis-2bno1.jpg,lapis,lapis-2,branco,0,0
lapis-2bno2.jpg,lapis,lapis-2,branco,0,0
lapis-2bno3.jpg,lapis,lapis-2,branco,0,0
lapis-2pno1.jpg,lapis,lapis-2,preto,0,0
lapis-2pno2.jpg,lapis,lapis-2,preto,0,0
lapis-2pno3.jpg,lapis,lapis-2,preto,0,0
lapis-2mno1.jpg,lapis,lapis-2,papelao,0,0
lapis-2mno2.jpg,lapis,lapis-2,papelao,0,0
lapis-2mno3.jpg,lapis,lapis-2,papelao,0,0
lapis-3bdi1.jpg,lapis,lapis-3,branco,1,1
lapis-3bdi2.jpg,lapis,lapis-3,branco,1,1
lapis-3bdi3.jpg,lapis,lapis-3,branco,1,1
lapis-3pdi1.jpg,lapis,lapis-3,preto,1,1
lapis-3pdi2.jpg,lapis,lapis-3,preto,1,1
lapis-3pdi3.jpg,lapis,lapis-3,preto,1,1
lapis-3mdi1.jpg,lapis,lapis-3,papelao,1,1
lapis-3mdi2.jpg,lapis,lapis-3,papelao,1,1
lapis-3mdi3.jpg,lapis,lapis-3,papelao,1,1
lapis-3bni1.jpg,lapis,lapis-3,branco,0,1
lapis-3bni2.jpg,lapis,lapis-3,branco,0,1
lapis-3bni3.jpg,lapis,lapis-3,branco,0,1
lapis-3pni1.jpg,lapis,lapis-3,preto,0,1
lapis-3pni2.jpg,lapis,lapis-3,preto,0,1
lapis-3pni3.jpg,lapis,lapis-3,preto,0,1
lapis-3mni1.jpg,lapis,lapis-3,papelao,0,1
lapis-3mni2.jpg,lapis,lapis-3,papelao,0,1
lapis-3mni3.jpg,lapis,lapis-3,papelao,0,1
lapis-3bdo1.jpg,lapis,lapis-3,branco,1,0
lapis-3bdo2.jpg,lapis,lapis-3,branco,1,0
lapis-3bdo3.jpg,lapis,lapis-3,branco,1,0
lapis-3pdo1.jpg,lapis,lapis-3,preto,1,0
lapis-3pdo2.jpg,lapis,lapis-3,preto,1,0
lapis-3pdo3.jpg,lapis,lapis-3,preto,1,0
lapis-3mdo1.jpg,lapis,lapis-3,papelao,1,0
lapis-3mdo2.jpg,lapis,lapis-3,papelao,1,0
lapis-3mdo3.jpg,lapis,lapis-3,papelao,1,0
lapis-3bno1.jpg,lapis,lapis-3,branco,0,0
lapis-3bno2.jpg,lapis,lapis-3,branco,0,0
lapis-3bno3.jpg,lapis,lapis-3,branco,0,0
lapis-3pno1.jpg,lapis,lapis-3,preto,0,0
lapis-3pno2.jpg,lapis,lapis-3,preto,0,0
lapis-3pno3.jpg,lapis,lapis-3,preto,0,0
lapis-3mno1.jpg,lapis,lapis-3,papelao,0,0
lapis-3mno2.jpg,lapis,lapis-3,papelao,0,0
lapis-3mno3.jpg,lapis,lapis-3,papelao,0,0
tesoura-1bdi1.jpg,tesoura,tesoura-1,branco,1,1
tesoura-1bdi2.jpg,tesoura,tesoura-1,branco,1,1
tesoura-1bdi3.jpg,tesoura,tesoura-1,branco,1,1
tesoura-1pdi1.jpg,tesoura,tesoura-1,preto,1,1
tesoura-1pdi2.jpg,tesoura,tesoura-1,preto,1,1
tesoura-1pdi3.jpg,tesoura,tesoura-1,preto,1,1
tesoura-1mdi1.jpg,tesoura,tesoura-1,papelao,1,1
tesoura-1mdi2.jpg,tesoura,tesoura-1,papelao,1,1
tesoura-1mdi3.jpg,tesoura,tesoura-1,papelao,1,1
tesoura-1bni1.jpg,tesoura,tesoura-1,branco,0,1
tesoura-1bni2.jpg,tesoura,tesoura-1,branco,0,1
tesoura-1bni3.jpg,tesoura,tesoura-1,branco,0,1
tesoura-1pni1.jpg,tesoura,tesoura-1,preto,0,1
tesoura-1pni2.jpg,tesoura,tesoura-1,preto,0,1
tesoura-1pni3.jpg,tesoura,tesoura-1,preto,0,1
tesoura-1mni1.jpg,tesoura,tesoura-1,papelao,0,1
tesoura-1mni2.jpg,tesoura,tesoura-1,papelao,0,1
tesoura-1mni3.jpg,tesoura,tesoura-1,papelao,0,1
tesoura-1bdo1.jpg,tesoura,tesoura-1,branco,1,0
tesoura-1bdo2.jpg,tesoura,tesoura-1,branco,1,0
tesoura-1bdo3.jpg,tesoura,tesoura-1,branco,1,0
tesoura-1pdo1.jpg,tesoura,tesoura-1,preto,1,0
tesoura-1pdo2.jpg,tesoura,tesoura-1,preto,1,0
tesoura-1pdo3.jpg,tesoura,tesoura-1,preto,1,0
tesoura-1mdo1.jpg,tesoura,tesoura-1,papelao,1,0
tesoura-1mdo2.jpg,tesoura,tesoura-1,papelao,1,0
tesoura-1mdo3.jpg,tesoura,tesoura-1,papelao,1,0
tesoura-1bno1.jpg,tesoura,tesoura-1,branco,0,0
tesoura-1bno2.jpg,tesoura,tesoura-1,branco,0,0
tesoura-1bno3.jpg,tesoura,tesoura-1,branco,0,0
tesoura-1pno1.jpg,tesoura,tesoura-1,preto,0,0
tesoura-1pno2.jpg,tesoura,tesoura-1,preto,0,0
tesoura-1pno3.jpg,tesoura,tesoura-1,preto,0,0
tesoura-1mno1.jpg,tesoura,tesoura-1,papelao,0,0
tesoura-1mno2.jpg,tesoura,tesoura-1,papelao,0,0
tesoura-1mno3.jpg,tesoura,tesoura-1,papelao,0,0
tesoura-2bdi1.jpg,tesoura,tesoura-2,branco,1,1
tesoura-2bdi2.jpg,tesoura,tesoura-2,branco,1,1
tesoura-2bdi3.jpg,tesoura,tesoura-2,branco,1,1
tesoura-2pdi1.jpg,tesoura,tesoura-2,preto,1,1
tesoura-2pdi2.jpg,tesoura,tesoura-2,preto,1,1
tesoura-2pdi3.jpg,tesoura,tesoura-2,preto,1,1
tesoura-2mdi1.jpg,tesoura,tesoura-2,papelao,1,1
tesoura-2mdi2.jpg,tesoura,tesoura-2,papelao,1,1
tesoura-2mdi3.jpg,tesoura,tesoura-2,papelao,1,1
tesoura-2bni1.jpg,tesoura,tesoura-2,branco,0,1
tesoura-2bni2.jpg,tesoura,tesoura-2,branco,0,1
tesoura-2bni3.jpg,tesoura,tesoura-2,branco,0,1
tesoura-2pni1.jpg,tesoura,tesoura-2,preto,0,1
tesoura-2pni2.jpg,tesoura,tesoura-2,preto,0,1
tesoura-2pni3.jpg,tesoura,tesoura-2,preto,0,1
tesoura-2mni1.jpg,tesoura,tesoura-2,papelao,0,1
tesoura-2mni2.jpg,tesoura,tesoura-2,papelao,0,1
tesoura-2mni3.jpg,tesoura,tesoura-2,papelao,0,1
tesoura-2bdo1.jpg,tesoura,tesoura-2,branco,1,0
tesoura-2bdo2.jpg,tesoura,tesoura-2,branco,1,0
tesoura-2bdo3.jpg,tesoura,tesoura-2,branco,1,0
tesoura-2pdo1.jpg,tesoura,tesoura-2,preto,1,0
tesoura-2pdo2.jpg,tesoura,tesoura-2,preto,1,0
tesoura-2pdo3.jpg,tesoura,tesoura-2,preto,1,0
tesoura-2mdo1.jpg,tesoura,tesoura-2,papelao,1,0
tesoura-2mdo2.jpg,tesoura,tesoura-2,papelao,1,0
tesoura-2mdo3.jpg,tesoura,tesoura-2,papelao,1,0
tesoura-2bno1.jpg,tesoura,tesoura-2,branco,0,0
tesoura-2bno2.jpg,tesoura,tesoura-2,branco,0,0
tesoura-2bno3.jpg,tesoura,tesoura-2,branco,0,0
tesoura-2pno1.jpg,tesoura,tesoura-2,preto,0,0
tesoura-2pno2.jpg,tesoura,tesoura-2,preto,0,0
tesoura-2pno3.jpg,tesoura,tesoura-2,preto,0,0
tesoura-2mno1.jpg,tesoura,tesoura-2,papelao,0,0
tesoura-2mno2.jpg,tesoura,tesoura-2,papelao,0,0
tesoura-2mno3.jpg,tesoura,tesoura-2,papelao,0,0
tesoura-3bdi1.jpg,tesoura,tesoura-3,branco,1,1
tesoura-3bdi2.jpg,tesoura,tesoura-3,branco,1,1
tesoura-3bdi3.jpg,tesoura,tesoura-3,branco,1,1
tesoura-3pdi1.jpg,tesoura,tesoura-3,preto,1,1
tesoura-3pdi2.jpg,tesoura,tesoura-3,preto,1,1
tesoura-3pdi3.jpg,tesoura,tesoura-3,preto,1,1
tesoura-3mdi1.jpg,tesoura,tesoura-3,papelao,1,1
tesoura-3mdi2.jpg,tesoura,tesoura-3,papelao,1,1
tesoura-3mdi3.jpg,tesoura,tesoura-3,papelao,1,1
tesoura-3bni1.jpg,tesoura,tesoura-3,branco,0,1
tesoura-3bni2.jpg,tesoura,tesoura-3,branco,0,1
tesoura-3bni3.jpg,tesoura,tesoura-3,branco,0,1
tesoura-3pni1.jpg,tesoura,tesoura-3,preto,0,1
tesoura-3pni2.jpg,tesoura,tesoura-3,preto,0,1
tesoura-3pni3.jpg,tesoura,tesoura-3,preto,0,1
tesoura-3mni1.jpg,tesoura,tesoura-3,papelao,0,1
tesoura-3mni2.jpg,tesoura,tesoura-3,papelao,0,1
tesoura-3mni3.jpg,tesoura,tesoura-3,papelao,0,1
tesoura-3bdo1.jpg,tesoura,tesoura-3,branco,1,0
tesoura-3bdo2.jpg,tesoura,tesoura-3,branco,1,0
tesoura-3bdo3.jpg,tesoura,tesoura-3,branco,1,0
tesoura-3pdo1.jpg,tesoura,tesoura-3,preto,1,0
tesoura-3pdo2.jpg,tesoura,tesoura-3,preto,1,0
tesoura-3pdo3.jpg,tesoura,tesoura-3,preto,1,0
tesoura-3mdo1.jpg,tesoura,tesoura-3,papelao,1,0
tesoura-3mdo2.jpg,tesoura,tesoura-3,papelao,1,0
tesoura-3mdo3.jpg,tesoura,tesoura-3,papelao,1,0
tesoura-3bno1.jpg,tesoura,tesoura-3,branco,0,0
tesoura-3bno2.jpg,tesoura,tesoura-3,branco,0,0
tesoura-3bno3.jpg,tesoura,tesoura-3,branco,0,0
tesoura-3pno1.jpg,tesoura,tesoura-3,preto,0,0
tesoura-3pno2.jpg,tesoura,tesoura-3,preto,0,0
tesoura-3pno3.jpg,tesoura,tesoura-3,preto,0,0
tesoura-3mno1.jpg,tesoura,tesoura-3,papelao,0,0
tesoura-3mno2.jpg,tesoura,tesoura-3,papelao,0,0
tesoura-3mno3.jpg,tesoura,tesoura-3,papelao,0,0
desodorante-1bdi1.jpg,desodorante,desodorante-1,branco,1,1
desodorante-1bdi2.jpg,desodorante,desodorante-1,branco,1,1
desodorante-1bdi3.jpg,desodorante,desodorante-1,branco,1,1
desodorante-1pdi1.jpg,desodorante,desodorante-1,preto,1,1
desodorante-1pdi2.jpg,desodorante,desodorante-1,preto,1,1
desodorante-1pdi3.jpg,desodorante,desodorante-1,preto,1,1
desodorante-1mdi1.jpg,desodorante,desodorante-1,papelao,1,1
desodorante-1mdi2.jpg,desodorante,desodorante-1,papelao,1,1
desodorante-1mdi3.jpg,desodorante,desodorante-1,papelao,1,1
desodorante-1bni1.jpg,desodorante,desodorante-1,branco,0,1
desodorante-1bni2.jpg,desodorante,desodorante-1,branco,0,1
desodorante-1bni3.jpg,desodorante,desodorante-1,branco,0,1
desodorante-1pni1.jpg,desodorante,desodorante-1,preto,0,1
desodorante-1pni2.jpg,desodorante,desodorante-1,preto,0,1
desodorante-1pni3.jpg,desodorante,desodorante-1,preto,0,1
desodorante-1mni1.jpg,desodorante,desodorante-1,papelao,0,1
desodorante-1mni2.jpg,desodorante,desodorante-1,papelao,0,1
desodorante-1mni3.jpg,desodorante,desodorante-1,papelao,0,1
desodorante-1bdo1.jpg,desodorante,desodorante-1,branco,1,0
desodorante-1bdo2.jpg,desodorante,desodorante-1,branco,1,0
desodorante-1bdo3.jpg,desodorante,desodorante-1,branco,1,0
desodorante-1pdo1.jpg,desodorante,desodorante-1,preto,1,0
desodorante-1pdo2.jpg,desodorante,desodorante-1,preto,1,0
desodorante-1pdo3.jpg,desodorante,desodorante-1,preto,1,0
desodorante-1mdo1.jpg,desodorante,desodorante-1,papelao,1,0
desodorante-1mdo2.jpg,desodorante,desodorante-1,papelao,1,0
desodorante-1mdo3.jpg,desodorante,desodorante-1,papelao,1,0
desodorante-1bno1.jpg,desodorante,desodorante-1,branco,0,0
desodorante-1bno2.jpg,desodorante,desodorante-1,branco,0,0
desodorante-1bno3.jpg,desodorante,desodorante-1,branco,0,0
desodorante-1pno1.jpg,desodorante,desodorante-1,preto,0,0
desodorante-1pno2.jpg,desodorante,desodorante-1,preto,0,0
desodorante-1pno3.jpg,desodorante,desodorante-1,preto,0,0
desodorante-1mno1.jpg,desodorante,desodorante-1,papelao,0,0
desodorante-1mno2.jpg,desodorante,desodorante-1,papelao,0,0
desodorante-1mno3.jpg,desodorante,desodorante-1,papelao,0,0
desodorante-2bdi1.jpg,desodorante,desodorante-2,branco,1,1
desodorante-2bdi2.jpg,desodorante,desodorante-2,branco,1,1
desodorante-2bdi3.jpg,desodorante,desodorante-2,branco,1,1
desodorante-2pdi1.jpg,desodorante,desodorante-2,preto,1,1
desodorante-2pdi2.jpg,desodorante,desodorante-2,preto,1,1
desodorante-2pdi3.jpg,desodorante,desodorante-2,preto,1,1
desodorante-2mdi1.jpg,desodorante,desodorante-2,papelao,1,1
desodorante-2mdi2.jpg,desodorante,desodorante-2,papelao,1,1
desodorante-2mdi3.jpg,desodorante,desodorante-2,papelao,1,1
desodorante-2bni1.jpg,desodorante,desodorante-2,branco,0,1
desodorante-2bni2.jpg,desodorante,desodorante-2,branco,0,1
desodorante-2bni3.jpg,desodorante,desodorante-2,branco,0,1
desodorante-2pni1.jpg,desodorante,desodorante-2,preto,0,1
desodorante-2pni2.jpg,desodorante,desodorante-2,preto,0,1
desodorante-2pni3.jpg,desodorante,desodorante-2,preto,0,1
desodorante-2mni1.jpg,desodorante,desodorante-2,papelao,0,1
desodorante-2mni2.jpg,desodorante,desodorante-2,papelao,0,1
desodorante-2mni3.jpg,desodorante,desodorante-2,papelao,0,1
desodorante-2bdo1.jpg,desodorante,desodorante-2,branco,1,0
desodorante-2bdo2.jpg,desodorante,desodorante-2,branco,1,0
desodorante-2bdo3.jpg,desodorante,desodorante-2,branco,1,0
desodorante-2pdo1.jpg,desodorante,desodorante-2,preto,1,0
desodorante-2pdo2.jpg,desodorante,desodorante-2,preto,1,0
desodorante-2pdo3.jpg,desodorante,desodorante-2,preto,1,0
desodorante-2mdo1.jpg,desodorante,desodorante-2,papelao,1,0
desodorante-2mdo2.jpg,desodorante,desodorante-2,papelao,1,0
desodorante-2mdo3.jpg,desodorante,desodorante-2,papelao,1,0
desodorante-2bno1.jpg,desodorante,desodorante-2,branco,0,0
desodorante-2bno2.jpg,desodorante,desodorante-2,branco,0,0
desodorante-2bno3.jpg,desodorante,desodorante-2,branco,0,0
desodorante-2pno1.jpg,desodorante,desodorante-2,preto,0,0
desodorante-2pno2.jpg,desodorante,desodorante-2,preto,0,0
desodorante-2pno3.jpg,desodorante,desodorante-2,preto,0,0
desodorante-2mno1.jpg,desodorante,desodorante-2,papelao,0,0
desodorante-2mno2.jpg,desodorante,desodorante-2,papelao,0,0
desodorante-2mno3.jpg,desodorante,desodorante-2,papelao,0,0
desodorante-3bdi1.jpg,desodorante,desodorante-3,branco,1,1
desodorante-3bdi2.jpg,desodorante,desodorante-3,branco,1,1
desodorante-3bdi3.jpg,desodorante,desodorante-3,branco,1,1
desodorante-3pdi1.jpg,desodorante,desodorante-3,preto,1,1
desodorante-3pdi2.jpg,desodorante,desodorante-3,preto,1,1
desodorante-3pdi3.jpg,desodorante,desodorante-3,preto,1,1
desodorante-3mdi1.jpg,desodorante,desodorante-3,papelao,1,1
desodorante-3mdi2.jpg,desodorante,desodorante-3,papelao,1,1
desodorante-3mdi3.jpg,desodorante,desodorante-3,papelao,1,1
desodorante-3bni1.jpg,desodorante,desodorante-3,branco,0,1
desodorante-3bni2.jpg,desodorante,desodorante-3,branco,0,1
desodorante-3bni3.jpg,desodorante,desodorante-3,branco,0,1
desodorante-3pni1.jpg,desodorante,desodorante-3,preto,0,1
desodorante-3pni2.jpg,desodorante,desodorante-3,preto,0,1
desodorante-3pni3.jpg,desodorante,desodorante-3,preto,0,1
desodorante-3mni1.jpg,desodorante,desodorante-3,papelao,0,1
desodorante-3mni2.jpg,desodorante,desodorante-3,papelao,0,1
desodorante-3mni3.jpg,desodorante,desodorante-3,papelao,0,1
desodorante-3bdo1.jpg,desodorante,desodorante-3,branco,1,0
desodorante-3bdo2.jpg,desodorante,desodorante-3,branco,1,0
desodorante-3bdo3.jpg,desodorante,desodorante-3,branco,1,0
desodorante-3pdo1.jpg,desodorante,desodorante-3,preto,1,0
desodorante-3pdo2.jpg,desodorante,desodorante-3,preto,1,0
desodorante-3pdo3.jpg,desodorante,desodorante-3,preto,1,0
desodorante-3mdo1.jpg,desodorante,desodorante-3,papelao,1,0
desodorante-3mdo2.jpg,desodorante,desodorante-3,papelao,1,0
desodorante-3mdo3.jpg,desodorante,desodorante-3,papelao,1,0
desodorante-3bno1.jpg,desodorante,desodorante-3,branco,0,0
desodorante-3bno2.jpg,desodorante,desodorante-3,branco,0,0
desodorante-3bno3.jpg,desodorante,desodorante-3,branco,0,0
desodorante-3pno1.jpg,desodorante,desodorante-3,preto,0,0
desodorante-3pno2.jpg,desodorante,desodorante-3,preto,0,0
desodorante-3pno3.jpg,desodorante,desodorante-3,preto,0,0
desodorante-3mno1.jpg,desodorante,desodorante-3,papelao,0,0
desodorante-3mno2.jpg,desodorante,desodorante-3,papelao,0,0
desodorante-3mno3.jpg,desodorante,desodorante-3,papelao,0,0
faca-1bdi1.jpg,faca,faca-1,branco,1,1
faca-1bdi2.jpg,faca,faca-1,branco,1,1
faca-1bdi3.jpg,faca,faca-1,branco,1,1
faca-1pdi1.jpg,faca,faca-1,preto,1,1
faca-1pdi2.jpg,faca,faca-1,preto,1,1
faca-1pdi3.jpg,faca,faca-1,preto,1,1
faca-1mdi1.jpg,faca,faca-1,papelao,1,1
faca-1mdi2.jpg,faca,faca-1,papelao,1,1
faca-1mdi3.jpg,faca,faca-1,papelao,1,1
faca-1bni1.jpg,faca,faca-1,branco,0,1
faca-1bni2.jpg,faca,faca-1,branco,0,1
faca-1bni3.jpg,faca,faca-1,branco,0,1
faca-1pni1.jpg,faca,faca-1,preto,0,1
faca-1pni2.jpg,faca,faca-1,preto,0,1
faca-1pni3.jpg,faca,faca-1,preto,0,1
faca-1mni1.jpg,faca,faca-1,papelao,0,1
faca-1mni2.jpg,faca,faca-1,papelao,0,1
faca-1mni3.jpg,faca,faca-1,papelao,0,1
faca-1bdo1.jpg,faca,faca-1,branco,1,0
faca-1bdo2.jpg,faca,faca-1,branco,1,0
faca-1bdo3.jpg,faca,faca-1,branco,1,0
faca-1pdo1.jpg,faca,faca-1,preto,1,0
faca-1pdo2.jpg,faca,faca-1,preto,1,0
faca-1pdo3.jpg,faca,faca-1,preto,1,0
faca-1mdo1.jpg,faca,faca-1,papelao,1,0
faca-1mdo2.jpg,faca,faca-1,papelao,1,0
faca-1mdo3.jpg,faca,faca-1,papelao,1,0
faca-1bno1.jpg,faca,faca-1,branco,0,0
faca-1bno2.jpg,faca,faca-1,branco,0,0
faca-1bno3.jpg,faca,faca-1,branco,0,0
faca-1pno1.jpg,faca,faca-1,preto,0,0
faca-1pno2.jpg,faca,faca-1,preto,0,0
faca-1pno3.jpg,faca,faca-1,preto,0,0
faca-1mno1.jpg,faca,faca-1,papelao,0,0
faca-1mno2.jpg,faca,faca-1,papelao,0,0
faca-1mno3.jpg,faca,faca-1,papelao,0,0
faca-2bdi1.jpg,faca,faca-2,branco,1,1
faca-2bdi2.jpg,faca,faca-2,branco,1,1
faca-2bdi3.jpg,faca,faca-2,branco,1,1
faca-2pdi1.jpg,faca,faca-2,preto,1,1
faca-2pdi2.jpg,faca,faca-2,preto,1,1
faca-2pdi3.jpg,faca,faca-2,preto,1,1
faca-2mdi1.jpg,faca,faca-2,papelao,1,1
faca-2mdi2.jpg,faca,faca-2,papelao,1,1
faca-2mdi3.jpg,faca,faca-2,papelao,1,1
faca-2bni1.jpg,faca,faca-2,branco,0,1
faca-2bni2.jpg,faca,faca-2,branco,0,1
faca-2bni3.jpg,faca,faca-2,branco,0,1
faca-2pni1.jpg,faca,faca-2,preto,0,1
faca-2pni2.jpg,faca,faca-2,preto,0,1
faca-2pni3.jpg,faca,faca-2,preto,0,1
faca-2mni1.jpg,faca,faca-2,papelao,0,1
faca-2mni2.jpg,faca,faca-2,papelao,0,1
faca-2mni3.jpg,faca,faca-2,papelao,0,1
faca-2bdo1.jpg,faca,faca-2,branco,1,0
faca-2bdo2.jpg,faca,faca-2,branco,1,0
faca-2bdo3.jpg,faca,faca-2,branco,1,0
faca-2pdo1.jpg,faca,faca-2,preto,1,0
faca-2pdo2.jpg,faca,faca-2,preto,1,0
faca-2pdo3.jpg,faca,faca-2,preto,1,0
faca-2mdo1.jpg,faca,faca-2,papelao,1,0
faca-2mdo2.jpg,faca,faca-2,papelao,1,0
faca-2mdo3.jpg,faca,faca-2,papelao,1,0
faca-2bno1.jpg,faca,faca-2,branco,0,0
faca-2bno2.jpg,faca,faca-2,branco,0,0
faca-2bno3.jpg,faca,faca-2,branco,0,0
faca-2pno1.jpg,faca,faca-2,preto,0,0
faca-2pno2.jpg,faca,faca-2,preto,0,0
faca-2pno3.jpg,faca,faca-2,preto,0,0
faca-2mno1.jpg,faca,faca-2,papelao,0,0
faca-2mno2.jpg,faca,faca-2,papelao,0,0
faca-2mno3.jpg,faca,faca-2,papelao,0,0
faca-3bdi1.jpg,faca,faca-3,branco,1,1
faca-3bdi2.jpg,faca,faca-3,branco,1,1
faca-3bdi3.jpg,faca,faca-3,branco,1,1
faca-3pdi1.jpg,faca,faca-3,preto,1,1
faca-3pdi2.jpg,faca,faca-3,preto,1,1
faca-3pdi3.jpg,faca,faca-3,preto,1,1
faca-3mdi1.jpg,faca,faca-3,papelao,1,1
faca-3mdi2.jpg,faca,faca-3,papelao,1,1
faca-3mdi3.jpg,faca,faca-3,papelao,1,1
faca-3bni1.jpg,faca,faca-3,branco,0,1
faca-3bni2.jpg,faca,faca-3,branco,0,1
faca-3bni3.jpg,faca,faca-3,branco,0,1
faca-3pni1.jpg,faca,faca-3,preto,0,1
faca-3pni2.jpg,faca,faca-3,preto,0,1
faca-3pni3.jpg,faca,faca-3,preto,0,1
faca-3mni1.jpg,faca,faca-3,papelao,0,1
faca-3mni2.jpg,faca,faca-3,papelao,0,1
faca-3mni3.jpg,faca,faca-3,papelao,0,1
faca-3bdo1.jpg,faca,faca-3,branco,1,0
faca-3bdo2.jpg,faca,faca-3,branco,1,0
faca-3bdo3.jpg,faca,faca-3,branco,1,0
faca-3pdo1.jpg,faca,faca-3,preto,1,0
faca-3pdo2.jpg,faca,faca-3,preto,1,0
faca-3pdo3.jpg,faca,faca-3,preto,1,0
faca-3mdo1.jpg,faca,faca-3,papelao,1,0
faca-3mdo2.jpg,faca,faca-3,papelao,1,0
faca-3mdo3.jpg,faca,faca-3,papelao,1,0
faca-3bno1.jpg,faca,faca-3,branco,0,0
faca-3bno2.jpg,faca,faca-3,branco,0,0
faca-3bno3.jpg,faca,faca-3,branco,0,0
faca-3pno1.jpg,faca,faca-3,preto,0,0
faca-3pno2.jpg,faca,faca-3,preto,0,0
faca-3pno3.jpg,faca,faca-3,preto,0,0
faca-3mno1.jpg,faca,faca-3,papelao,0,0
faca-3mno2.jpg,faca,faca-3,papelao,0,0
faca-3mno3.jpg,faca,faca-3,papelao,0,0
copo-1bdi1.jpg,copo,copo-1,branco,1,1
copo-1bdi2.jpg,copo,copo-1,branco,1,1
copo-1bdi3.jpg,copo,copo-1,branco,1,1
copo-1pdi1.jpg,copo,copo-1,preto,1,1
copo-1pdi2.jpg,copo,copo-1,preto,1,1
copo-1pdi3.jpg,copo,copo-1,preto,1,1
copo-1mdi1.jpg,copo,copo-1,papelao,1,1
copo-1mdi2.jpg,copo,copo-1,papelao,1,1
copo-1mdi3.jpg,copo,copo-1,papelao,1,1
copo-1bni1.jpg,copo,copo-1,branco,0,1
copo-1bni2.jpg,copo,copo-1,branco,0,1
copo-1bni3.jpg,copo,copo-1,branco,0,1
copo-1pni1.jpg,copo,copo-1,preto,0,1
copo-1pni2.jpg,copo,copo-1,preto,0,1
copo-1pni3.jpg,copo,copo-1,preto,0,1
copo-1mni1.jpg,copo,copo-1,papelao,0,1
copo-1mni2.jpg,copo,copo-1,papelao,0,1
copo-1mni3.jpg,copo,copo-1,papelao,0,1
copo-1bdo1.jpg,copo,copo-1,branco,1,0
copo-1bdo2.jpg,copo,copo-1,branco,1,0
copo-1bdo3.jpg,copo,copo-1,branco,1,0
copo-1pdo1.jpg,copo,copo-1,preto,1,0
copo-1pdo2.jpg,copo,copo-1,preto,1,0
copo-1pdo3.jpg,copo,copo-1,preto,1,0
copo-1mdo1.jpg,copo,copo-1,papelao,1,0
copo-1mdo2.jpg,copo,copo-1,papelao,1,0
copo-1mdo3.jpg,copo,copo-1,papelao,1,0
copo-1bno1.jpg,copo,copo-1,branco,0,0
copo-1bno2.jpg,copo,copo-1,branco,0,0
copo-1bno3.jpg,copo,copo-1,branco,0,0
copo-1pno1.jpg,copo,copo-1,preto,0,0
copo-1pno2.jpg,copo,copo-1,preto,0,0
copo-1pno3.jpg,copo,copo-1,preto,0,0
copo-1mno1.jpg,copo,copo-1,papelao,0,0
copo-1mno2.jpg,copo,copo-1,papelao,0,0
copo-1mno3.jpg,copo,copo-1,papelao,0,0
copo-2bdi1.jpg,copo,copo-2,branco,1,1
copo-2bdi2.jpg,copo,copo-2,branco,1,1
copo-2bdi3.jpg,copo,copo-2,branco,1,1
copo-2pdi1.jpg,copo,copo-2,preto,1,1
copo-2pdi2.jpg,copo,copo-2,preto,1,1
copo-2pdi3.jpg,copo,copo-2,preto,1,1
copo-2mdi1.jpg,copo,copo-2,papelao,1,1
copo-2mdi2.jpg,copo,copo-2,papelao,1,1
copo-2mdi3.jpg,copo,copo-2,papelao,1,1
copo-2bni1.jpg,copo,copo-2,branco,0,1
copo-2bni2.jpg,copo,copo-2,branco,0,1
copo-2bni3.jpg,copo,copo-2,branco,0,1
copo-2pni1.jpg,copo,copo-2,preto,0,1
copo-2pni2.jpg,copo,copo-2,preto,0,1
copo-2pni3.jpg,copo,copo-2,preto,0,1
copo-2mni1.jpg,copo,copo-2,papelao,0,1
copo-2mni2.jpg,copo,copo-2,papelao,0,1
copo-2mni3.jpg,copo,copo-2,papelao,0,1
copo-2bdo1.jpg,copo,copo-2,branco,1,0
copo-2bdo2.jpg,copo,copo-2,branco,1,0
copo-2bdo3.jpg,copo,copo-2,branco,1,0
copo-2pdo1.jpg,copo,copo-2,preto,1,0
copo-2pdo2.jpg,copo,copo-2,preto,1,0
copo-2pdo3.jpg,copo,copo-2,preto,1,0
copo-2mdo1.jpg,copo,copo-2,papelao,1,0
copo-2mdo2.jpg,copo,copo-2,papelao,1,0
copo-2mdo3.jpg,copo,copo-2,papelao,1,0
copo-2bno1.jpg,copo,copo-2,branco,0,0
copo-2bno2.jpg,copo,copo-2,branco,0,0
copo-2bno3.jpg,copo,copo-2,branco,0,0
copo-2pno1.jpg,copo,copo-2,preto,0,0
copo-2pno2.jpg,copo,copo-2,preto,0,0
copo-2pno3.jpg,copo,copo-2,preto,0,0
copo-2mno1.jpg,copo,copo-2,papelao,0,0
copo-2mno2.jpg,copo,copo-2,papelao,0,0
copo-2mno3.jpg,copo,copo-2,papelao,0,0
copo-3bdi1.jpg,copo,copo-3,branco,1,1
copo-3bdi2.jpg,copo,copo-3,branco,1,1
copo-3bdi3.jpg,copo,copo-3,branco,1,1
copo-3pdi1.jpg,copo,copo-3,preto,1,1
copo-3pdi2.jpg,copo,copo-3,preto,1,1
copo-3pdi3.jpg,copo,copo-3,preto,1,1
copo-3mdi1.jpg,copo,copo-3,papelao,1,1
copo-3mdi2.jpg,copo,copo-3,papelao,1,1
copo-3mdi3.jpg,copo,copo-3,papelao,1,1
copo-3bni1.jpg,copo,copo-3,branco,0,1
copo-3bni2.jpg,copo,copo-3,branco,0,1
copo-3bni3.jpg,copo,copo-3,branco,0,1
copo-3pni1.jpg,copo,copo-3,preto,0,1
copo-3pni2.jpg,copo,copo-3,preto,0,1
copo-3pni3.jpg,copo,copo-3,preto,0,1
copo-3mni1.jpg,copo,copo-3,papelao,0,1
copo-3mni2.jpg,copo,copo-3,papelao,0,1
copo-3mni3.jpg,copo,copo-3,papelao,0,1
copo-3bdo1.jpg,copo,copo-3,branco,1,0
copo-3bdo2.jpg,copo,copo-3,branco,1,0
copo-3bdo3.jpg,copo,copo-3,branco,1,0
copo-3pdo1.jpg,copo,copo-3,preto,1,0
copo-3pdo2.jpg,copo,copo-3,preto,1,0
copo-3pdo3.jpg,copo,copo-3,preto,1,0
copo-3mdo1.jpg,copo,copo-3,papelao,1,0
copo-3mdo2.jpg,copo,copo-3,papelao,1,0
copo-3mdo3.jpg,copo,copo-3,papelao,1,0
copo-3bno1.jpg,copo,copo-3,branco,0,0
copo-3bno2.jpg,copo,copo-3,branco,0,0
copo-3bno3.jpg,copo,copo-3,branco,0,0
copo-3pno1.jpg,copo,copo-3,preto,0,0
copo-3pno2.jpg,copo,copo-3,preto,0,0
copo-3pno3.jpg,copo,copo-3,preto,0,0
copo-3mno1.jpg,copo,copo-3,papelao,0,0
copo-3mno2.jpg,copo,copo-3,papelao,0,0
copo-3mno3.jpg,copo,copo-3,papelao,0,0
grampeador-1bdi1.jpg,grampeador,grampeador-1,branco,1,1
grampeador-1bdi2.jpg,grampeador,grampeador-1,branco,1,1
grampeador-1bdi3.jpg,grampeador,grampeador-1,branco,1,1
grampeador-1pdi1.jpg,grampeador,grampeador-1,preto,1,1
grampeador-1pdi2.jpg,grampeador,grampeador-1,preto,1,1
grampeador-1pdi3.jpg,grampeador,grampeador-1,preto,1,1
grampeador-1mdi1.jpg,grampeador,grampeador-1,papelao,1,1
grampeador-1mdi2.jpg,grampeador,grampeador-1,papelao,1,1
grampeador-1mdi3.jpg,grampeador,grampeador-1,papelao,1,1
grampeador-1bni1.jpg,grampeador,grampeador-1,branco,0,1
grampeador-1bni2.jpg,grampeador,grampeador-1,branco,0,1
grampeador-1bni3.jpg,grampeador,grampeador-1,branco,0,1
grampeador-1pni1.jpg,grampeador,grampeador-1,preto,0,1
grampeador-1pni2.jpg,grampeador,grampeador-1,preto,0,1
grampeador-1pni3.jpg,grampeador,grampeador-1,preto,0,1
grampeador-1mni1.jpg,grampeador,grampeador-1,papelao,0,1
grampeador-1mni2.jpg,grampeador,grampeador-1,papelao,0,1
grampeador-1mni3.jpg,grampeador,grampeador-1,papelao,0,1
grampeador-1bdo1.jpg,grampeador,grampeador-1,branco,1,0
grampeador-1bdo2.jpg,grampeador,grampeador-1,branco,1,0
grampeador-1bdo3.jpg,grampeador,grampeador-1,branco,1,0
grampeador-1pdo1.jpg,grampeador,grampeador-1,preto,1,0
grampeador-1pdo2.jpg,grampeador,grampeador-1,preto,1,0
grampeador-1pdo3.jpg,grampeador,grampeador-1,preto,1,0
grampeador-1mdo1.jpg,grampeador,grampeador-1,papelao,1,0
grampeador-1mdo2.jpg,grampeador,grampeador-1,papelao,1,0
grampeador-1mdo3.jpg,grampeador,grampeador-1,papelao,1,0
grampeador-1bno1.jpg,grampeador,grampeador-1,branco,0,0
grampeador-1bno2.jpg,grampeador,grampeador-1,branco,0,0
grampeador-1bno3.jpg,grampeador,grampeador-1,branco,0,0
grampeador-1pno1.jpg,grampeador,grampeador-1,preto,0,0
grampeador-1pno2.jpg,grampeador,grampeador-1,preto,0,0
grampeador-1pno3.jpg,grampeador,grampeador-1,preto,0,0
grampeador-1mno1.jpg,grampeador,grampeador-1,papelao,0,0
grampeador-1mno2.jpg,grampeador,grampeador-1,papelao,0,0
grampeador-1mno3.jpg,grampeador,grampeador-1,papelao,0,0
grampeador-2bdi1.jpg,grampeador,grampeador-2,branco,1,1
grampeador-2bdi2.jpg,grampeador,grampeador-2,branco,1,1
grampeador-2bdi3.jpg,grampeador,grampeador-2,branco,1,1
grampeador-2pdi1.jpg,grampeador,grampeador-2,preto,1,1
grampeador-2pdi2.jpg,grampeador,grampeador-2,preto,1,1
grampeador-2pdi3.jpg,grampeador,grampeador-2,preto,1,1
grampeador-2mdi1.jpg,grampeador,grampeador-2,papelao,1,1
grampeador-2mdi2.jpg,grampeador,grampeador-2,papelao,1,1
grampeador-2mdi3.jpg,grampeador,grampeador-2,papelao,1,1
grampeador-2bni1.jpg,grampeador,grampeador-2,branco,0,1
grampeador-2bni2.jpg,grampeador,grampeador-2,branco,0,1
grampeador-2bni3.jpg,grampeador,grampeador-2,branco,0,1
grampeador-2pni1.jpg,grampeador,grampeador-2,preto,0,1
grampeador-2pni2.jpg,grampeador,grampeador-2,preto,0,1
grampeador-2pni3.jpg,grampeador,grampeador-2,preto,0,1
grampeador-2mni1.jpg,grampeador,grampeador-2,papelao,0,1
grampeador-2mni2.jpg,grampeador,grampeador-2,papelao,0,1
grampeador-2mni3.jpg,grampeador,grampeador-2,papelao,0,1
grampeador-2bdo1.jpg,grampeador,grampeador-2,branco,1,0
grampeador-2bdo2.jpg,grampeador,grampeador-2,branco,1,0
grampeador-2bdo3.jpg,grampeador,grampeador-2,branco,1,0
grampeador-2pdo1.jpg,grampeador,grampeador-2,preto,1,0
grampeador-2pdo2.jpg,grampeador,grampeador-2,preto,1,0
grampeador-2pdo3.jpg,grampeador,grampeador-2,preto,1,0
grampeador-2mdo1.jpg,grampeador,grampeador-2,papelao,1,0
grampeador-2mdo2.jpg,grampeador,grampeador-2,papelao,1,0
grampeador-2mdo3.jpg,grampeador,grampeador-2,papelao,1,0
grampeador-2bno1.jpg,grampeador,grampeador-2,branco,0,0
grampeador-2bno2.jpg,grampeador,grampeador-2,branco,0,0
grampeador-2bno3.jpg,grampeador,grampeador-2,branco,0,0
grampeador-2pno1.jpg,grampeador,grampeador-2,preto,0,0
grampeador-2pno2.jpg,grampeador,grampeador-2,preto,0,0
grampeador-2pno3.jpg,grampeador,grampeador-2,preto,0,0
grampeador-2mno1.jpg,grampeador,grampeador-2,papelao,0,0
grampeador-2mno2.jpg,grampeador,grampeador-2,papelao,0,0
grampeador-2mno3.jpg,grampeador,grampeador-2,papelao,0,0
grampeador-3bdi1.jpg,grampeador,grampeador-3,branco,1,1
grampeador-3bdi2.jpg,grampeador,grampeador-3,branco,1,1
grampeador-3bdi3.jpg,grampeador,grampeador-3,branco,1,1
grampeador-3pdi1.jpg,grampeador,grampeador-3,preto,1,1
grampeador-3pdi2.jpg,grampeador,grampeador-3,preto,1,1
grampeador-3pdi3.jpg,grampeador,grampeador-3,preto,1,1
grampeador-3mdi1.jpg,grampeador,grampeador-3,papelao,1,1
grampeador-3mdi2.jpg,grampeador,grampeador-3,papelao,1,1
grampeador-3mdi3.jpg,grampeador,grampeador-3,papelao,1,1
grampeador-3bni1.jpg,grampeador,grampeador-3,branco,0,1
grampeador-3bni2.jpg,grampeador,grampeador-3,branco,0,1
grampeador-3bni3.jpg,grampeador,grampeador-3,branco,0,1
grampeador-3pni1.jpg,grampeador,grampeador-3,preto,0,1
grampeador-3pni2.jpg,grampeador,grampeador-3,preto,0,1
grampeador-3pni3.jpg,grampeador,grampeador-3,preto,0,1
grampeador-3mni1.jpg,grampeador,grampeador-3,papelao,0,1
grampeador-3mni2.jpg,grampeador,grampeador-3,papelao,0,1
grampeador-3mni3.jpg,grampeador,grampeador-3,papelao,0,1
grampeador-3bdo1.jpg,grampeador,grampeador-3,branco,1,0
grampeador-3bdo2.jpg,grampeador,grampeador-3,branco,1,0
grampeador-3bdo3.jpg,grampeador,grampeador-3,branco,1,0
grampeador-3pdo1.jpg,grampeador,grampeador-3,preto,1,0
grampeador-3pdo2.jpg,grampeador,grampeador-3,preto,1,0
grampeador-3pdo3.jpg,grampeador,grampeador-3,preto,1,0
grampeador-3mdo1.jpg,grampeador,grampeador-3,papelao,1,0
grampeador-3mdo2.jpg,grampeador,grampeador-3,papelao,1,0
grampeador-3mdo3.jpg,grampeador,grampeador-3,papelao,1,0
grampeador-3bno1.jpg,grampeador,grampeador-3,branco,0,0
grampeador-3bno2.jpg,grampeador,grampeador-3,branco,0,0
grampeador-3bno3.jpg,grampeador,grampeador-3,branco,0,0
grampeador-3pno1.jpg,grampeador,grampeador-3,preto,0,0
grampeador-3pno2.jpg,grampeador,grampeador-3,preto,0,0
grampeador-3pno3.jpg,grampeador,grampeador-3,preto,0,0
grampeador-3mno1.jpg,grampeador,grampeador-3,papelao,0,0
grampeador-3mno2.jpg,grampeador,grampeador-3,papelao,0,0
grampeador-3mno3.jpg,grampeador,grampeador-3,papelao,0,0
oculos-1bdi1.jpg,oculos,oculos-1,branco,1,1
oculos-1bdi2.jpg,oculos,oculos-1,branco,1,1
oculos-1bdi3.jpg,oculos,oculos-1,branco,1,1
oculos-1pdi1.jpg,oculos,oculos-1,preto,1,1
oculos-1pdi2.jpg,oculos,oculos-1,preto,1,1
oculos-1pdi3.jpg,oculos,oculos-1,preto,1,1
oculos-1mdi1.jpg,oculos,oculos-1,papelao,1,1
oculos-1mdi2.jpg,oculos,oculos-1,papelao,1,1
oculos-1mdi3.jpg,oculos,oculos-1,papelao,1,1
oculos-1bni1.jpg,oculos,oculos-1,branco,0,1
oculos-1bni2.jpg,oculos,oculos-1,branco,0,1
oculos-1bni3.jpg,oculos,oculos-1,branco,0,1
oculos-1pni1.jpg,oculos,oculos-1,preto,0,1
oculos-1pni2.jpg,oculos,oculos-1,preto,0,1
oculos-1pni3.jpg,oculos,oculos-1,preto,0,1
oculos-1mni1.jpg,oculos,oculos-1,papelao,0,1
oculos-1mni2.jpg,oculos,oculos-1,papelao,0,1
oculos-1mni3.jpg,oculos,oculos-1,papelao,0,1
oculos-1bdo1.jpg,oculos,oculos-1,branco,1,0
oculos-1bdo2.jpg,oculos,oculos-1,branco,1,0
oculos-1bdo3.jpg,oculos,oculos-1,branco,1,0
oculos-1pdo1.jpg,oculos,oculos-1,preto,1,0
oculos-1pdo2.jpg,oculos,oculos-1,preto,1,0
oculos-1pdo3.jpg,oculos,oculos-1,preto,1,0
oculos-1mdo1.jpg,oculos,oculos-1,papelao,1,0
oculos-1mdo2.jpg,oculos,oculos-1,papelao,1,0
oculos-1mdo3.jpg,oculos,oculos-1,papelao,1,0
oculos-1bno1.jpg,oculos,oculos-1,branco,0,0
oculos-1bno2.jpg,oculos,oculos-1,branco,0,0
oculos-1bno3.jpg,oculos,oculos-1,branco,0,0
oculos-1pno1.jpg,oculos,oculos-1,preto,0,0
oculos-1pno2.jpg,oculos,oculos-1,preto,0,0
oculos-1pno3.jpg,oculos,oculos-1,preto,0,0
oculos-1mno1.jpg,oculos,oculos-1,papelao,0,0
oculos-1mno2.jpg,oculos,oculos-1,papelao,0,0
oculos-1mno3.jpg,oculos,oculos-1,papelao,0,0
oculos-2bdi1.jpg,oculos,oculos-2,branco,1,1
oculos-2bdi2.jpg,oculos,oculos-2,branco,1,1
oculos-2bdi3.jpg,oculos,oculos-2,branco,1,1
oculos-2pdi1.jpg,oculos,oculos-2,preto,1,1
oculos-2pdi2.jpg,oculos,oculos-2,preto,1,1
oculos-2pdi3.jpg,oculos,oculos-2,preto,1,1
oculos-2mdi1.jpg,oculos,oculos-2,papelao,1,1
oculos-2mdi2.jpg,oculos,oculos-2,papelao,1,1
oculos-2mdi3.jpg,oculos,oculos-2,papelao,1,1
oculos-2bni1.jpg,oculos,oculos-2,branco,0,1
oculos-2bni2.jpg,oculos,oculos-2,branco,0,1
oculos-2bni3.jpg,oculos,oculos-2,branco,0,1
oculos-2pni1.jpg,oculos,oculos-2,preto,0,1
oculos-2pni2.jpg,oculos,oculos-2,preto,0,1
oculos-2pni3.jpg,oculos,oculos-2,preto,0,1
oculos-2mni1.jpg,oculos,oculos-2,papelao,0,1
oculos-2mni2.jpg,oculos,oculos-2,papelao,0,1
oculos-2mni3.jpg,oculos,oculos-2,papelao,0,1
oculos-2bdo1.jpg,oculos,oculos-2,branco,1,0
oculos-2bdo2.jpg,oculos,oculos-2,branco,1,0
oculos-2bdo3.jpg,oculos,oculos-2,branco,1,0
oculos-2pdo1.jpg,oculos,oculos-2,preto,1,0
oculos-2pdo2.jpg,oculos,oculos-2,preto,1,0
oculos-2pdo3.jpg,oculos,oculos-2,preto,1,0
oculos-2mdo1.jpg,oculos,oculos-2,papelao,1,0
oculos-2mdo2.jpg,oculos,oculos-2,papelao,1,0
oculos-2mdo3.jpg,oculos,oculos-2,papelao,1,0
oculos-2bno1.jpg,oculos,oculos-2,branco,0,0
oculos-2bno2.jpg,oculos,oculos-2,branco,0,0
oculos-2bno3.jpg,oculos,oculos-2,branco,0,0
oculos-2pno1.jpg,oculos,oculos-2,preto,0,0
oculos-2pno2.jpg,oculos,oculos-2,preto,0,0
oculos-2pno3.jpg,oculos,oculos-2,preto,0,0
oculos-2mno1.jpg,oculos,oculos-2,papelao,0,0
oculos-2mno2.jpg,oculos,oculos-2,papelao,0,0
oculos-2mno3.jpg,oculos,oculos-2,papelao,0,0
oculos-3bdi1.jpg,oculos,oculos-3,branco,1,1
oculos-3bdi2.jpg,oculos,oculos-3,branco,1,1
oculos-3bdi3.jpg,oculos,oculos-3,branco,1,1
oculos-3pdi1.jpg,oculos,oculos-3,preto,1,1
oculos-3pdi2.jpg,oculos,oculos-3,preto,1,1
oculos-3pdi3.jpg,oculos,oculos-3,preto,1,1
oculos-3mdi1.jpg,oculos,oculos-3,papelao,1,1
oculos-3mdi2.jpg,oculos,oculos-3,papelao,1,1
oculos-3mdi3.jpg,oculos,oculos-3,papelao,1,1
oculos-3bni1.jpg,oculos,oculos-3,branco,0,1
oculos-3bni2.jpg,oculos,oculos-3,branco,0,1
oculos-3bni3.jpg,oculos,oculos-3,branco,0,1
oculos-3pni1.jpg,oculos,oculos-3,preto,0,1
oculos-3pni2.jpg,oculos,oculos-3,preto,0,1
oculos-3pni3.jpg,oculos,oculos-3,preto,0,1
oculos-3mni1.jpg,oculos,oculos-3,papelao,0,1
oculos-3mni2.jpg,oculos,oculos-3,papelao,0,1
oculos-3mni3.jpg,oculos,oculos-3,papelao,0,1
oculos-3bdo1.jpg,oculos,oculos-3,branco,1,0
oculos-3bdo2.jpg,oculos,oculos-3,branco,1,0
oculos-3bdo3.jpg,oculos,oculos-3,branco,1,0
oculos-3pdo1.jpg,oculos,oculos-3,preto,1,0
oculos-3pdo2.jpg,oculos,oculos-3,preto,1,0
oculos-3pdo3.jpg,oculos,oculos-3,preto,1,0
oculos-3mdo1.jpg,oculos,oculos-3,papelao,1,0
oculos-3mdo2.jpg,oculos,oculos-3,papelao,1,0
oculos-3mdo3.jpg,oculos,oculos-3,papelao,1,0
oculos-3bno1.jpg,oculos,oculos-3,branco,0,0
oculos-3bno2.jpg,oculos,oculos-3,branco,0,0
oculos-3bno3.jpg,oculos,oculos-3,branco,0,0
oculos-3pno1.jpg,oculos,oculos-3,preto,0,0
oculos-3pno2.jpg,oculos,oculos-3,preto,0,0
oculos-3pno3.jpg,oculos,oculos-3,preto,0,0
oculos-3mno1.jpg,oculos,oculos-3,papelao,0,0
oculos-3mno2.jpg,oculos,oculos-3,papelao,0,0
oculos-3mno3.jpg,oculos,oculos-3,papelao,0,0
pente-1bdi1.jpg,pente,pente-1,branco,1,1
pente-1bdi2.jpg,pente,pente-1,branco,1,1
pente-1bdi3.jpg,pente,pente-1,branco,1,1
pente-1pdi1.jpg,pente,pente-1,preto,1,1
pente-1pdi2.jpg,pente,pente-1,preto,1,1
pente-1pdi3.jpg,pente,pente-1,preto,1,1
pente-1mdi1.jpg,pente,pente-1,papelao,1,1
pente-1mdi2.jpg,pente,pente-1,papelao,1,1
pente-1mdi3.jpg,pente,pente-1,papelao,1,1
pente-1bni1.jpg,pente,pente-1,branco,0,1
pente-1bni2.jpg,pente,pente-1,branco,0,1
pente-1bni3.jpg,pente,pente-1,branco,0,1
pente-1pni1.jpg,pente,pente-1,preto,0,1
pente-1pni2.jpg,pente,pente-1,preto,0,1
pente-1pni3.jpg,pente,pente-1,preto,0,1
pente-1mni1.jpg,pente,pente-1,papelao,0,1
pente-1mni2.jpg,pente,pente-1,papelao,0,1
pente-1mni3.jpg,pente,pente-1,papelao,0,1
pente-1bdo1.jpg,pente,pente-1,branco,1,0
pente-1bdo2.jpg,pente,pente-1,branco,1,0
pente-1bdo3.jpg,pente,pente-1,branco,1,0
pente-1pdo1.jpg,pente,pente-1,preto,1,0
pente-1pdo2.jpg,pente,pente-1,preto,1,0
pente-1pdo3.jpg,pente,pente-1,preto,1,0
pente-1mdo1.jpg,pente,pente-1,papelao,1,0
pente-1mdo2.jpg,pente,pente-1,papelao,1,0
pente-1mdo3.jpg,pente,pente-1,papelao,1,0
pente-1bno1.jpg,pente,pente-1,branco,0,0
pente-1bno2.jpg,pente,pente-1,branco,0,0
pente-1bno3.jpg,pente,pente-1,branco,0,0
pente-1pno1.jpg,pente,pente-1,preto,0,0
pente-1pno2.jpg,pente,pente-1,preto,0,0
pente-1pno3.jpg,pente,pente-1,preto,0,0
pente-1mno1.jpg,pente,pente-1,papelao,0,0
pente-1mno2.jpg,pente,pente-1,papelao,0,0
pente-1mno3.jpg,pente,pente-1,papelao,0,0
pente-2bdi1.jpg,pente,pente-2,branco,1,1
pente-2bdi2.jpg,pente,pente-2,branco,1,1
pente-2bdi3.jpg,pente,pente-2,branco,1,1
pente-2pdi1.jpg,pente,pente-2,preto,1,1
pente-2pdi2.jpg,pente,pente-2,preto,1,1
pente-2pdi3.jpg,pente,pente-2,preto,1,1
pente-2mdi1.jpg,pente,pente-2,papelao,1,1
pente-2mdi2.jpg,pente,pente-2,papelao,1,1
pente-2mdi3.jpg,pente,pente-2,papelao,1,1
pente-2bni1.jpg,pente,pente-2,branco,0,1
pente-2bni2.jpg,pente,pente-2,branco,0,1
pente-2bni3.jpg,pente,pente-2,branco,0,1
pente-2pni1.jpg,pente,pente-2,preto,0,1
pente-2pni2.jpg,pente,pente-2,preto,0,1
pente-2pni3.jpg,pente,pente-2,preto,0,1
pente-2mni1.jpg,pente,pente-2,papelao,0,1
pente-2mni2.jpg,pente,pente-2,papelao,0,1
pente-2mni3.jpg,pente,pente-2,papelao,0,1
pente-2bdo1.jpg,pente,pente-2,branco,1,0
pente-2bdo2.jpg,pente,pente-2,branco,1,0
pente-2bdo3.jpg,pente,pente-2,branco,1,0
pente-2pdo1.jpg,pente,pente-2,preto,1,0
pente-2pdo2.jpg,pente,pente-2,preto,1,0
pente-2pdo3.jpg,pente,pente-2,preto,1,0
pente-2mdo1.jpg,pente,pente-2,papelao,1,0
pente-2mdo2.jpg,pente,pente-2,papelao,1,0
pente-2mdo3.jpg,pente,pente-2,papelao,1,0
pente-2bno1.jpg,pente,pente-2,branco,0,0
pente-2bno2.jpg,pente,pente-2,branco,0,0
pente-2bno3.jpg,pente,pente-2,branco,0,0
pente-2pno1.jpg,pente,pente-2,preto,0,0
pente-2pno2.jpg,pente,pente-2,preto,0,0
pente-2pno3.jpg,pente,pente-2,preto,0,0
pente-2mno1.jpg,pente,pente-2,papelao,0,0
pente-2mno2.jpg,pente,pente-2,papelao,0,0
pente-2mno3.jpg,pente,pente-2,papelao,0,0
pente-3bdi1.jpg,pente,pente-3,branco,1,1
pente-3bdi2.jpg,pente,pente-3,branco,1,1
pente-3bdi3.jpg,pente,pente-3,branco,1,1
pente-3pdi1.jpg,pente,pente-3,preto,1,1
pente-3pdi2.jpg,pente,pente-3,preto,1,1
pente-3pdi3.jpg,pente,pente-3,preto,1,1
pente-3mdi1.jpg,pente,pente-3,papelao,1,1
pente-3mdi2.jpg,pente,pente-3,papelao,1,1
pente-3mdi3.jpg,pente,pente-3,papelao,1,1
pente-3bni1.jpg,pente,pente-3,branco,0,1
pente-3bni2.jpg,pente,pente-3,branco,0,1
pente-3bni3.jpg,pente,pente-3,branco,0,1
pente-3pni1.jpg,pente,pente-3,preto,0,1
pente-3pni2.jpg,pente,pente-3,preto,0,1
pente-3pni3.jpg,pente,pente-3,preto,0,1
pente-3mni1.jpg,pente,pente-3,papelao,0,1
pente-3mni2.jpg,pente,pente-3,papelao,0,1
pente-3mni3.jpg,pente,pente-3,papelao,0,1
pente-3bdo1.jpg,pente,pente-3,branco,1,0
pente-3bdo2.jpg,pente,pente-3,branco,1,0
pente-3bdo3.jpg,pente,pente-3,branco,1,0
pente-3pdo1.jpg,pente,pente-3,preto,1,0
pente-3pdo2.jpg,pente,pente-3,preto,1,0
pente-3pdo3.jpg,pente,pente-3,preto,1,0
pente-3mdo1.jpg,pente,pente-3,papelao,1,0
pente-3mdo2.jpg,pente,pente-3,papelao,1,0
pente-3mdo3.jpg,pente,pente-3,papelao,1,0
pente-3bno1.jpg,pente,pente-3,branco,0,0
pente-3bno2.jpg,pente,pente-3,branco,0,0
pente-3bno3.jpg,pente,pente-3,branco,0,0
pente-3pno1.jpg,pente,pente-3,preto,0,0
pente-3pno2.jpg,pente,pente-3,preto,0,0
pente-3pno3.jpg,pente,pente-3,preto,0,0
pente-3mno1.jpg,pente,pente-3,papelao,0,0
pente-3mno2.jpg,pente,pente-3,papelao,0,0
pente-3mno3.jpg,pente,pente-3,papelao,0,0